<?xml version ="1.0" encoding ="UTF-8"?>
<beans xmlns="http://www.springframework.org/schema/beans"
				xmlns:xsi ="http://www.w3.org/2001/XMLSchema-instance"
				xsi:schemaLocation ="http://www.springframework.org/schema/beans
														http://www.springframework.org/schema/beans/spring-beans-3.0.xsd">
				<bean id ="customerImpl" class ="CustomerImpl"/>
				<bean id = "cafeOwner" class ="CafeOwner"/>
				<bean id ="internetAdvice" class ="InternetAdvice">
					<property name ="cafeOwner" ref ="cafeOwner"/>
				</bean>
				
				
				<bean id ="customerProxy" class ="org.springframework.aop.framework.ProxyFactoryBean">
					<property name ="target">
						<ref local ="customerImpl"/>
					</property>
					<property name ="proxyInterfaces">
						<value>Customer</value>
					</property>
					<property name ="interceptorNames">
						<list>
							<value>cafeOwnerBeforeAndAfterAdvice</value>
						</list>
					</property>
				</bean>										
				
				<bean id ="cafeOwnerBeforeAndAfterAdvice" class ="org.springframework.aop.support.RegexpMethodPointcutAdvisor">
					<property name ="advice">
						<ref local ="internetAdvice"/>
					</property>
					
					<property name ="pattern">
						<value>.*</value>
					</property>
				</bean>
</beans>														