<?xml version="1.0" encoding="UTF-8"?>
<beans xmlns="http://www.springframework.org/schema/beans"
xmlns:xsi="http://www.w3.org/2001/XMLSchema-instance" xmlns:aop="http://www.springframework.org/schema/aop"
xsi:schemaLocation="http://www.springframework.org/schema/beans http://www.springframework.org/schema/beans/spring-beans-3.0.xsd">

<!-- Auto wiring byName -->
<bean name ="student" class ="Student" autowire ="byName">
	<property name ="studentName" value ="Michel"/>
</bean>
<bean name ="javaBook" class ="Book">
	<property name ="title" value ="JAVA PROGRAMMING"/>
</bean>
<!-- ================= -->

<!-- Auto wiring byType -->
	<bean name ="car" class ="Car" autowire="byType"/>
	
	<bean name ="alloyWheel" class ="Wheel">
		<property name ="name" value ="Alloy Wheel"/>
	</bean>
<!-- ===================== -->


<!-- Auto wiring - constructor -->
<bean name ="college" class ="College" autowire ="constructor"/>
<!-- ========================= -->

<!-- Another wheel type bean -->
   
<bean name ="wheel2" class ="Wheel">
	<property name ="name" value ="Toy Wheel"/>
</bean>
</beans>